﻿<?xml version="1.0" encoding="utf-8"?>
<application xmlns="http://ns.adobe.com/air/application/21.0">
  <id>HedgewarsThemeViewer</id>
  <versionNumber>0.1</versionNumber>
  <filename>HedgewarsThemeViewer</filename>
  <name>HedgewarsThemeViewer</name>
  <initialWindow>
    <title>HedgewarsThemeViewer</title>
    <content>HedgewarsThemeViewer.swf</content>
    <systemChrome>standard</systemChrome>
    <transparent>false</transparent>
    <visible>true</visible>
    <minimizable>true</minimizable>
    <maximizable>true</maximizable>
    <resizable>true</resizable>
    <width>1024</width>
    <height>768</height>
    <minSize>600 400</minSize>
    <aspectRatio>landscape</aspectRatio>
    <renderMode>auto</renderMode>
  </initialWindow>
  <!-- 
	More options:
	http://livedocs.adobe.com/flex/3/html/File_formats_1.html#1043413
	-->
  <supportedProfiles>desktop extendedDesktop mobileDevice</supportedProfiles>
  <android>
    <manifestAdditions><![CDATA[<manifest android:installLocation="auto" xmlns:android="http://schemas.android.com/apk/res/android" />]]></manifestAdditions>
  </android>
  <icon>
    <image32x32>icons/HedgewarsThemeViewer32.png</image32x32>
    <image16x16>icons/HedgewarsThemeViewer16.png</image16x16>
  </icon>
</application>